<ImportExportXml version="8.2.0001.0344" SolutionPackageVersion="8.2" languagecode="1033" generatedBy="CrmLive" xmlns:xsi="http://www.w3.org/2001/XMLSchema-instance">
  <SolutionManifest>
    <UniqueName>CallCenterBase</UniqueName>
    <LocalizedNames>
      <LocalizedName description="CallCenterBase" languagecode="1033" />
    </LocalizedNames>
    <Descriptions>
      <Description description="Version 1.4.0.0&#xA;SET UP SHAREPOINT TO CREATE AUTOMATICALLY" languagecode="1033" />
    </Descriptions>
    <Version>1.8.0.0</Version>
    <Managed>1</Managed>
    <Publisher>
      <UniqueName>cognosante</UniqueName>
      <LocalizedNames>
        <LocalizedName description="Cognosante" languagecode="1033" />
      </LocalizedNames>
      <Descriptions />
      <EMailAddress xsi:nil="true"></EMailAddress>
      <SupportingWebsiteUrl xsi:nil="true"></SupportingWebsiteUrl>
      <CustomizationPrefix>cog</CustomizationPrefix>
      <CustomizationOptionValuePrefix>18131</CustomizationOptionValuePrefix>
      <Addresses>
        <Address>
          <AddressNumber>1</AddressNumber>
          <AddressTypeCode>1</AddressTypeCode>
          <City xsi:nil="true"></City>
          <County xsi:nil="true"></County>
          <Country xsi:nil="true"></Country>
          <Fax xsi:nil="true"></Fax>
          <FreightTermsCode xsi:nil="true"></FreightTermsCode>
          <ImportSequenceNumber xsi:nil="true"></ImportSequenceNumber>
          <Latitude xsi:nil="true"></Latitude>
          <Line1 xsi:nil="true"></Line1>
          <Line2 xsi:nil="true"></Line2>
          <Line3 xsi:nil="true"></Line3>
          <Longitude xsi:nil="true"></Longitude>
          <Name xsi:nil="true"></Name>
          <PostalCode xsi:nil="true"></PostalCode>
          <PostOfficeBox xsi:nil="true"></PostOfficeBox>
          <PrimaryContactName xsi:nil="true"></PrimaryContactName>
          <ShippingMethodCode>1</ShippingMethodCode>
          <StateOrProvince xsi:nil="true"></StateOrProvince>
          <Telephone1 xsi:nil="true"></Telephone1>
          <Telephone2 xsi:nil="true"></Telephone2>
          <Telephone3 xsi:nil="true"></Telephone3>
          <TimeZoneRuleVersionNumber xsi:nil="true"></TimeZoneRuleVersionNumber>
          <UPSZone xsi:nil="true"></UPSZone>
          <UTCOffset xsi:nil="true"></UTCOffset>
          <UTCConversionTimeZoneCode xsi:nil="true"></UTCConversionTimeZoneCode>
        </Address>
        <Address>
          <AddressNumber>2</AddressNumber>
          <AddressTypeCode>1</AddressTypeCode>
          <City xsi:nil="true"></City>
          <County xsi:nil="true"></County>
          <Country xsi:nil="true"></Country>
          <Fax xsi:nil="true"></Fax>
          <FreightTermsCode xsi:nil="true"></FreightTermsCode>
          <ImportSequenceNumber xsi:nil="true"></ImportSequenceNumber>
          <Latitude xsi:nil="true"></Latitude>
          <Line1 xsi:nil="true"></Line1>
          <Line2 xsi:nil="true"></Line2>
          <Line3 xsi:nil="true"></Line3>
          <Longitude xsi:nil="true"></Longitude>
          <Name xsi:nil="true"></Name>
          <PostalCode xsi:nil="true"></PostalCode>
          <PostOfficeBox xsi:nil="true"></PostOfficeBox>
          <PrimaryContactName xsi:nil="true"></PrimaryContactName>
          <ShippingMethodCode>1</ShippingMethodCode>
          <StateOrProvince xsi:nil="true"></StateOrProvince>
          <Telephone1 xsi:nil="true"></Telephone1>
          <Telephone2 xsi:nil="true"></Telephone2>
          <Telephone3 xsi:nil="true"></Telephone3>
          <TimeZoneRuleVersionNumber xsi:nil="true"></TimeZoneRuleVersionNumber>
          <UPSZone xsi:nil="true"></UPSZone>
          <UTCOffset xsi:nil="true"></UTCOffset>
          <UTCConversionTimeZoneCode xsi:nil="true"></UTCConversionTimeZoneCode>
        </Address>
      </Addresses>
    </Publisher>
    <RootComponents>
      <RootComponent type="1" schemaName="account" behavior="0" />
      <RootComponent type="1" schemaName="activitypointer" behavior="0" />
      <RootComponent type="1" schemaName="cog_applicationticket" behavior="0" />
      <RootComponent type="1" schemaName="cog_callaudit" behavior="0" />
      <RootComponent type="1" schemaName="cog_case" behavior="0" />
      <RootComponent type="1" schemaName="cog_casereason" behavior="0" />
      <RootComponent type="1" schemaName="cog_cogsetting" behavior="0" />
      <RootComponent type="1" schemaName="cog_dataentryaudit" behavior="0" />
      <RootComponent type="1" schemaName="cog_efi" behavior="0" />
      <RootComponent type="1" schemaName="cog_note" behavior="0" />
      <RootComponent type="1" schemaName="cog_processmonitoringaudit" behavior="0" />
      <RootComponent type="1" schemaName="cog_provider" behavior="0" />
      <RootComponent type="1" schemaName="cog_quickwrite" behavior="0" />
      <RootComponent type="1" schemaName="cog_solicitedcorrespondence" behavior="0" />
      <RootComponent type="1" schemaName="cog_state" behavior="0" />
      <RootComponent type="1" schemaName="contact" behavior="0" />
      <RootComponent type="1" schemaName="email" behavior="0" />
      <RootComponent type="1" schemaName="letter" behavior="0" />
      <RootComponent type="1" schemaName="phonecall" behavior="0" />
      <RootComponent type="1" schemaName="queue" behavior="0" />
      <RootComponent type="1" schemaName="queueitem" behavior="0" />
      <RootComponent type="1" schemaName="systemuser" behavior="0" />
      <RootComponent type="9" schemaName="cog_13" behavior="0" />
      <RootComponent type="9" schemaName="cog_auditrating" behavior="0" />
      <RootComponent type="9" schemaName="cog_callresolutions" behavior="0" />
      <RootComponent type="9" schemaName="cog_casestatus" behavior="0" />
      <RootComponent type="9" schemaName="cog_casesubject" behavior="0" />
      <RootComponent type="9" schemaName="cog_casetypes" behavior="0" />
      <RootComponent type="9" schemaName="cog_correspondencetypes" behavior="0" />
      <RootComponent type="9" schemaName="cog_npiemailoutcome" behavior="0" />
      <RootComponent type="9" schemaName="cog_receiptoptions" behavior="0" />
      <RootComponent type="9" schemaName="cog_typesofmonitoring" behavior="0" />
      <RootComponent type="9" schemaName="cog_yesnona" behavior="0" />
      <RootComponent type="9" schemaName="socialprofile_community" behavior="0" />
      <RootComponent type="20" id="{8b12c456-37ae-e511-8119-c4346bad461c}" behavior="0" />
      <RootComponent type="20" id="{95ee047b-f32b-e611-80f9-1458d04d17e8}" behavior="0" />
      <RootComponent type="20" id="{e6a378d1-e49d-e511-810e-c4346bb5981c}" behavior="0" />
      <RootComponent type="29" id="{0c5c56af-201d-403e-91b8-ab8eb1b2d1ee}" behavior="0" />
      <RootComponent type="29" id="{138f679c-a6fe-4072-b8e6-60b1ed34c223}" behavior="0" />
      <RootComponent type="29" id="{5185ece7-1e5c-4319-be3d-00881b5b3732}" behavior="0" />
      <RootComponent type="29" id="{5408d45f-7876-4d21-920e-273e5fcd98c5}" behavior="0" />
      <RootComponent type="29" id="{8a771b25-7fa5-48ce-bfcb-cd114854c705}" behavior="0" />
      <RootComponent type="29" id="{8c4afd8b-7956-4ffc-a238-67b5df514770}" behavior="0" />
      <RootComponent type="29" id="{ab01955e-d6f0-49f2-bc62-309c33aa9829}" behavior="0" />
      <RootComponent type="29" id="{f84bea7e-ca02-48fe-b4cb-de670bf632b2}" behavior="0" />
      <RootComponent type="31" id="{063f93c5-1783-e511-80e7-000c29d78738}" behavior="0" />
      <RootComponent type="31" id="{06839b34-1687-e511-80e7-000c29d78738}" behavior="0" />
      <RootComponent type="31" id="{06fce748-45f7-e511-8117-c4346bace18c}" behavior="0" />
      <RootComponent type="31" id="{089f731f-1687-e511-80e7-000c29d78738}" behavior="0" />
      <RootComponent type="31" id="{0d3b7885-c179-e511-80dd-000c29d78738}" behavior="0" />
      <RootComponent type="31" id="{156f7a14-d883-e511-80e7-000c29d78738}" behavior="0" />
      <RootComponent type="31" id="{1eda434a-1687-e511-80e7-000c29d78738}" behavior="0" />
      <RootComponent type="31" id="{24c0b094-c179-e511-80dd-000c29d78738}" behavior="0" />
      <RootComponent type="31" id="{0c23bef0-e149-e611-80d7-c4346bac5700}" behavior="0" />
      <RootComponent type="31" id="{258ca2be-b990-e611-80e0-c4346bac497c}" behavior="0" />
      <RootComponent type="31" id="{2a913540-e570-e511-80df-3863bb35cf60}" behavior="0" />
      <RootComponent type="31" id="{3110e05e-6882-e511-80e7-000c29d78738}" behavior="0" />
      <RootComponent type="31" id="{3e13ba1b-2d87-e511-80e7-000c29d78738}" behavior="0" />
      <RootComponent type="31" id="{4ceffd40-c179-e511-80dd-000c29d78738}" behavior="0" />
      <RootComponent type="31" id="{54b925d8-fbd0-e511-810f-c4346bace18c}" behavior="0" />
      <RootComponent type="31" id="{63ec4e6c-4283-e511-80e7-000c29d78738}" behavior="0" />
      <RootComponent type="31" id="{6459649d-c179-e511-80dd-000c29d78738}" behavior="0" />
      <RootComponent type="31" id="{6a68e4aa-a788-e511-80e8-000c29d78738}" behavior="0" />
      <RootComponent type="31" id="{6b1e66ee-5acf-e511-811b-c4346bad461c}" behavior="0" />
      <RootComponent type="31" id="{7100ba29-d871-e511-80e0-3863bb3c0130}" behavior="0" />
      <RootComponent type="31" id="{718e4922-c179-e511-80dd-000c29d78738}" behavior="0" />
      <RootComponent type="31" id="{73f36ce2-089d-e511-810a-c4346bace18c}" behavior="0" />
      <RootComponent type="31" id="{79081e07-0587-e511-80e7-000c29d78738}" behavior="0" />
      <RootComponent type="31" id="{818a1114-2d87-e511-80e7-000c29d78738}" behavior="0" />
      <RootComponent type="31" id="{876587f5-f386-e511-80e7-000c29d78738}" behavior="0" />
      <RootComponent type="31" id="{902deb29-c179-e511-80dd-000c29d78738}" behavior="0" />
      <RootComponent type="31" id="{91ff95ac-b990-e611-80e0-c4346bac497c}" behavior="0" />
      <RootComponent type="31" id="{92b68b17-c179-e511-80dd-000c29d78738}" behavior="0" />
      <RootComponent type="31" id="{93bacbe7-5acf-e511-811b-c4346bad461c}" behavior="0" />
      <RootComponent type="31" id="{b83fa7f0-f378-e511-80dd-000c29d78738}" behavior="0" />
      <RootComponent type="31" id="{ba82697b-c179-e511-80dd-000c29d78738}" behavior="0" />
      <RootComponent type="31" id="{d8fca7e8-b990-e611-80e0-c4346bac497c}" behavior="0" />
      <RootComponent type="31" id="{e08b5da0-b990-e611-80e0-c4346bac497c}" behavior="0" />
      <RootComponent type="31" id="{eb48578d-c179-e511-80dd-000c29d78738}" behavior="0" />
      <RootComponent type="31" id="{ede623d2-fbd0-e511-810f-c4346bace18c}" behavior="0" />
      <RootComponent type="31" id="{ee41f80d-e249-e611-80d7-c4346bac5700}" behavior="0" />
      <RootComponent type="31" id="{efa3682d-4482-e511-80e6-000c29d78738}" behavior="0" />
      <RootComponent type="31" id="{f058b6a5-0087-e511-80e7-000c29d78738}" behavior="0" />
      <RootComponent type="31" id="{f3ce0123-2d87-e511-80e7-000c29d78738}" behavior="0" />
      <RootComponent type="31" id="{f9840088-b990-e611-80e0-c4346bac497c}" behavior="0" />
      <RootComponent type="31" id="{f9d02d6b-687b-e511-80dd-000c29d78738}" behavior="0" />
      <RootComponent type="36" id="{503610c6-e98f-e611-80e0-c4346bac5700}" behavior="0" />
      <RootComponent type="36" id="{7790cd94-9d3c-e611-80d6-c4346bac497c}" behavior="0" />
      <RootComponent type="36" id="{ca8e09a8-9d3c-e611-80d6-c4346bac497c}" behavior="0" />
      <RootComponent type="36" id="{e9ebbb87-9d3c-e611-80d6-c4346bac497c}" behavior="0" />
      <RootComponent type="36" id="{fbe181c0-9d3c-e611-80d6-c4346bac497c}" behavior="0" />
      <RootComponent type="50" schemaName=":RibbonDiffXml" behavior="0" />
      <RootComponent type="60" id="{008d947d-fe3f-4c20-9484-7f24886a1e6a}" behavior="0" />
      <RootComponent type="60" id="{0231a9b9-3a98-e511-8114-c4346bad461c}" behavior="0" />
      <RootComponent type="60" id="{0d1e47ff-12b2-4f53-9090-bee951b98cb4}" behavior="0" />
      <RootComponent type="60" id="{0e71c0ef-6698-e511-8114-c4346bad461c}" behavior="0" />
      <RootComponent type="60" id="{15915835-b87c-49ec-9ffc-bfac3ac44ef1}" behavior="0" />
      <RootComponent type="60" id="{15dcd72f-244c-470c-8cc5-b9c88193582f}" behavior="0" />
      <RootComponent type="60" id="{1c53ecb7-a397-e511-8114-c4346bad461c}" behavior="0" />
      <RootComponent type="60" id="{47b0a263-db30-4bbe-ab69-6666fbc4cb44}" behavior="0" />
      <RootComponent type="60" id="{497075ff-4ee4-4280-b555-32bbde69e2a5}" behavior="0" />
      <RootComponent type="60" id="{580a4f80-c390-49df-9d99-a7f9be6ed295}" behavior="0" />
      <RootComponent type="60" id="{58fd85fe-d274-4f0b-be49-c06772b4e186}" behavior="0" />
      <RootComponent type="60" id="{5eb285e3-c61b-4c85-a35d-19d28196f17a}" behavior="0" />
      <RootComponent type="60" id="{61762e39-6698-e511-8114-c4346bad461c}" behavior="0" />
      <RootComponent type="60" id="{62e9161b-f38e-e511-80ea-000c29d78738}" behavior="0" />
      <RootComponent type="60" id="{6836a755-1d14-4345-8956-6da3967df39b}" behavior="0" />
      <RootComponent type="60" id="{6c12d540-3871-4270-833a-03c0f888b705}" behavior="0" />
      <RootComponent type="60" id="{70ad8b15-e3f3-4d7d-9e4b-16cb4e51b484}" behavior="0" />
      <RootComponent type="60" id="{717aad7d-dfdc-45f8-b329-511e48fd0ef7}" behavior="0" />
      <RootComponent type="60" id="{7babd95b-7681-4fdf-aa04-a5100da7081b}" behavior="0" />
      <RootComponent type="60" id="{8f0ca8e0-7d44-461d-baeb-ffacbb8cebc7}" behavior="0" />
      <RootComponent type="60" id="{a2d30b35-e6ad-41c3-af30-cb54b3ebec3a}" behavior="0" />
      <RootComponent type="60" id="{a4640db1-4962-4e79-92c6-690e627924d7}" behavior="0" />
      <RootComponent type="60" id="{a4e7ce65-ab6e-41de-83a2-32b3182264e8}" behavior="0" />
      <RootComponent type="60" id="{b88733a4-7297-e511-8114-c4346bad461c}" behavior="0" />
      <RootComponent type="60" id="{cc4dde86-2434-4a45-bef1-cb9b7eecc3f5}" behavior="0" />
      <RootComponent type="60" id="{cd7ea3a1-a597-4bcc-8128-8dc646c6dbed}" behavior="0" />
      <RootComponent type="60" id="{d6784cb8-bc33-4fcc-a9a9-3dc5b46ea9c6}" behavior="0" />
      <RootComponent type="60" id="{deb1f253-6798-e511-8114-c4346bad461c}" behavior="0" />
      <RootComponent type="60" id="{dfc71440-de9f-4772-8bcc-5c791d26573c}" behavior="0" />
      <RootComponent type="60" id="{f4725eb7-5c98-e511-8114-c4346bad461c}" behavior="0" />
      <RootComponent type="61" schemaName="cog_/css/timeline.css" behavior="0" />
      <RootComponent type="61" schemaName="cog_/Images/Clone16.png" behavior="0" />
      <RootComponent type="61" schemaName="cog_/Images/Clone32.png" behavior="0" />
      <RootComponent type="61" schemaName="cog_/Images/eSanteLogo.jpg" behavior="0" />
      <RootComponent type="61" schemaName="cog_/Images/icoTimelineCall.png" behavior="0" />
      <RootComponent type="61" schemaName="cog_/Images/icoTimelineCaseStatus.png" behavior="0" />
      <RootComponent type="61" schemaName="cog_/Images/icoTimelineCreated.png" behavior="0" />
      <RootComponent type="61" schemaName="cog_/Images/icoTimelineEmail.png" behavior="0" />
      <RootComponent type="61" schemaName="cog_/Images/icoTimelineTask.png" behavior="0" />
      <RootComponent type="61" schemaName="cog_/Images/icoTimelineTaskAlert.png" behavior="0" />
      <RootComponent type="61" schemaName="cog_/Images/timelineCognosante.png" behavior="0" />
      <RootComponent type="61" schemaName="cog_/js/storyjs_embed.js" behavior="0" />
      <RootComponent type="61" schemaName="cog_/js/timeline.min.js" behavior="0" />
      <RootComponent type="61" schemaName="cog_/Scripts/ApplicationRequest/ApplicationRequestOnChangeEvents.js" behavior="0" />
      <RootComponent type="61" schemaName="cog_/Scripts/ApplicationRequest/ApplicationRequstFormScripts.js" behavior="0" />
      <RootComponent type="61" schemaName="cog_/Scripts/ApplicationRibbons/ApplicationRibbonsScripts.js" behavior="0" />
      <RootComponent type="61" schemaName="cog_/Scripts/AssistancePilot/AssistancePilotFormScripts.js" behavior="0" />
      <RootComponent type="61" schemaName="cog_/Scripts/AssistancePilot/AssistancePilotOnChangeEvents.js" behavior="0" />
      <RootComponent type="61" schemaName="cog_/Scripts/CallAudit/CallAuditFormScripts.js" behavior="0" />
      <RootComponent type="61" schemaName="cog_/Scripts/CallAudit/CallAuditOnChangeEvents.js" behavior="0" />
      <RootComponent type="61" schemaName="cog_/Scripts/Case/CaseFormScripts.js" behavior="0" />
      <RootComponent type="61" schemaName="cog_/Scripts/Case/CaseOnChangeEvents.js" behavior="0" />
      <RootComponent type="61" schemaName="cog_/Scripts/Case/SharePointDocs.js" behavior="0" />
      <RootComponent type="61" schemaName="cog_/Scripts/Common/CrmUser.js" behavior="0" />
      <RootComponent type="61" schemaName="cog_/Scripts/Common/FormConstants.js" behavior="0" />
      <RootComponent type="61" schemaName="cog_/Scripts/Common/FormMainScripts.js" behavior="0" />
      <RootComponent type="61" schemaName="cog_/Scripts/Common/FormUtilities.js" behavior="0" />
      <RootComponent type="61" schemaName="cog_/Scripts/Common/jquery.js" behavior="0" />
      <RootComponent type="61" schemaName="cog_/Scripts/Common/json2.js" behavior="0" />
      <RootComponent type="61" schemaName="cog_/Scripts/Common/plugins.js" behavior="0" />
      <RootComponent type="61" schemaName="cog_/Scripts/Common/require.js" behavior="0" />
      <RootComponent type="61" schemaName="cog_/Scripts/Common/XrmServiceToolkit.js" behavior="0" />
      <RootComponent type="61" schemaName="cog_/Scripts/DataEntryAudit/DataEntryAuditFormScripts.js" behavior="0" />
      <RootComponent type="61" schemaName="cog_/Scripts/DataEntryAudit/DataEntryAuditOnChangeEvents.js" behavior="0" />
      <RootComponent type="61" schemaName="cog_/Scripts/EFI/EFIFormScripts.js" behavior="0" />
      <RootComponent type="61" schemaName="cog_/Scripts/EFI/EFIOnChangeEvents.js" behavior="0" />
      <RootComponent type="61" schemaName="cog_/Scripts/Email/EmailFormScripts.js" behavior="0" />
      <RootComponent type="61" schemaName="cog_/Scripts/Email/EmailOnChangeEvents.js" behavior="0" />
      <RootComponent type="61" schemaName="cog_/Scripts/Letter/LetterFormScripts.js" behavior="0" />
      <RootComponent type="61" schemaName="cog_/Scripts/Letter/LetterOnChangeEvents.js" behavior="0" />
      <RootComponent type="61" schemaName="cog_/Scripts/Note/NoteFormScripts.js" behavior="0" />
      <RootComponent type="61" schemaName="cog_/Scripts/Note/NoteOnChangeEvents.js" behavior="0" />
      <RootComponent type="61" schemaName="cog_/Scripts/PhoneCall/PhoneCallFormScripts.js" behavior="0" />
      <RootComponent type="61" schemaName="cog_/Scripts/PhoneCall/PhoneCallOnChangeEvents.js" behavior="0" />
      <RootComponent type="61" schemaName="cog_/Scripts/ProcessMonitoringAudit/ProcessMonitoringAuditFormScripts.js" behavior="0" />
      <RootComponent type="61" schemaName="cog_/Scripts/ProcessMonitoringAudit/ProcessMonitoringAuditOnChangeEvents.js" behavior="0" />
      <RootComponent type="61" schemaName="cog_/Scripts/Queue/GetNextScripts.js" behavior="0" />
      <RootComponent type="61" schemaName="cog_/Scripts/SolicitedCorrespondence/SolicitedCorrespondenceFormScripts.js" behavior="0" />
      <RootComponent type="61" schemaName="cog_/Scripts/SolicitedCorrespondence/SolicitedCorrespondenceOnChangeEvents.js" behavior="0" />
      <RootComponent type="61" schemaName="cog_/Scripts/Timeline/config.js" behavior="0" />
      <RootComponent type="61" schemaName="cog_/Scripts/Timeline/configDev.js" behavior="0" />
      <RootComponent type="61" schemaName="cog_/Scripts/Timeline/jQuery.js" behavior="0" />
      <RootComponent type="61" schemaName="cog_/Scripts/Timeline/timelineCustom.js" behavior="0" />
      <RootComponent type="61" schemaName="cog_AssistancePilotNotes.html" behavior="0" />
      <RootComponent type="61" schemaName="cog_CorrespondenceNotes.html" behavior="0" />
      <RootComponent type="61" schemaName="cog_EmailNotes.html" behavior="0" />
      <RootComponent type="61" schemaName="cog_EREFINotes.html" behavior="0" />
      <RootComponent type="61" schemaName="cog_ERPaperNotes.html" behavior="0" />
      <RootComponent type="61" schemaName="cog_ERWebNotes.html" behavior="0" />
      <RootComponent type="61" schemaName="cog_eSanteEngage360.png" behavior="0" />
      <RootComponent type="61" schemaName="cog_FraudNotes.html" behavior="0" />
      <RootComponent type="61" schemaName="cog_InboundCallNotes.html" behavior="0" />
      <RootComponent type="61" schemaName="cog_LetterResponses.html" behavior="0" />
      <RootComponent type="61" schemaName="cog_NPIDirections.html" behavior="0" />
      <RootComponent type="61" schemaName="cog_OutboundCallNotes.html" behavior="0" />
      <RootComponent type="61" schemaName="cog_PaperApplicationNotes.html" behavior="0" />
      <RootComponent type="61" schemaName="cog_phoneCallJavaScript" behavior="0" />
      <RootComponent type="61" schemaName="cog_SolicitedCorrNotes.html" behavior="0" />
      <RootComponent type="61" schemaName="cog_Timeline.html" behavior="0" />
      <RootComponent type="61" schemaName="cog_timelineCustom.css" behavior="0" />
      <RootComponent type="62" behavior="0" />
      <RootComponent type="91" schemaName="Case - Asspociate NPI, Version=1.0.6024.21889, Culture=neutral, PublicKeyToken=2183533d475228f3" behavior="0" />
      <RootComponent type="91" schemaName="Case - Auto Number Plugin, Version=1.0.6101.26388, Culture=neutral, PublicKeyToken=2183533d475228f3" behavior="0" />
      <RootComponent type="91" schemaName="Clone Case, Version=1.0.6289.23025, Culture=neutral, PublicKeyToken=aa4a0424db23de0b" behavior="0" />
      <RootComponent type="91" schemaName="Close Email Cases, Version=1.0.6089.21993, Culture=neutral, PublicKeyToken=2183533d475228f3" behavior="0" />
      <RootComponent type="91" schemaName="Cognosante.Xrm.Plugins.SharePoint, Version=1.0.0.0, Culture=neutral, PublicKeyToken=2354a750d78f973d" behavior="0" />
      <RootComponent type="91" schemaName="Populate Emails Without Cases, Version=1.0.6100.28246, Culture=neutral, PublicKeyToken=020b9f26749d43eb" behavior="0" />
      <RootComponent type="91" schemaName="Set Email Case Id, Version=1.0.6450.28538, Culture=neutral, PublicKeyToken=9cfe09226210cb3f" behavior="0" />
      <RootComponent type="92" id="{02d5b1a4-e342-e611-8114-000c2990fa7a}" behavior="0" />
      <RootComponent type="92" id="{38c643a3-ec8c-e711-8113-1458d04d2538}" behavior="0" />
      <RootComponent type="92" id="{43906d35-e78c-e711-8116-1458d04dc8c8}" behavior="0" />
      <RootComponent type="92" id="{5dfa63dc-f7fc-e511-80e0-5065f38a5ba1}" behavior="0" />
      <RootComponent type="92" id="{6d336de2-9c7d-e511-80e5-000c29d78738}" behavior="0" />
      <RootComponent type="92" id="{812392a3-9d7d-e511-80e5-000c29d78738}" behavior="0" />
      <RootComponent type="92" id="{8d98987f-a302-e711-810f-1458d04dd9c8}" behavior="0" />
      <RootComponent type="92" id="{9d250aa6-e942-e611-8114-000c2990fa7a}" behavior="0" />
      <RootComponent type="92" id="{aebb38d9-db79-e611-8120-000c2990fa7a}" behavior="0" />
      <RootComponent type="92" id="{b3136456-9d7d-e511-80e5-000c29d78738}" behavior="0" />
      <RootComponent type="92" id="{c3c2f4d7-9c7d-e511-80e5-000c29d78738}" behavior="0" />
    </RootComponents>
    <MissingDependencies>
      <MissingDependency>
        <Required key="0" type="1" schemaName="msdyn_wallsavedqueryusersettings" displayName="Filter" solution="ActivityFeedsCore (8.2.0.0)" />
        <Dependent key="1" type="1" schemaName="systemuser" displayName="User" />
      </MissingDependency>
      <MissingDependency>
        <Required key="2" type="1" schemaName="msdyn_postconfig" displayName="Post Configuration" solution="ActivityFeedsCore (8.2.0.0)" />
        <Dependent key="3" type="62" />
      </MissingDependency>
      <MissingDependency>
        <Required key="4" type="1" schemaName="msdyn_postruleconfig" displayName="Post Rule Configuration" solution="ActivityFeedsCore (8.2.0.0)" />
        <Dependent key="3" type="62" />
      </MissingDependency>
      <MissingDependency>
        <Required key="5" type="26" schemaName="Users Who Follow You" displayName="Users Who Follow You" parentSchemaName="systemuser" parentDisplayName="User" solution="ActivityFeedsCore (8.2.0.0)" id="{1d482328-ab23-486b-b241-26603d367f4d}" />
        <Dependent key="5" type="26" schemaName="Users Who Follow You" displayName="Users Who Follow You" parentSchemaName="systemuser" parentDisplayName="User" id="{1d482328-ab23-486b-b241-26603d367f4d}" />
      </MissingDependency>
      <MissingDependency>
        <Required key="6" type="26" schemaName="Users Following" displayName="Users Following" parentSchemaName="systemuser" parentDisplayName="User" solution="ActivityFeedsCore (8.2.0.0)" id="{e8ac8d63-47ba-e011-b85e-00155d8a2749}" />
        <Dependent key="6" type="26" schemaName="Users Following" displayName="Users Following" parentSchemaName="systemuser" parentDisplayName="User" id="{e8ac8d63-47ba-e011-b85e-00155d8a2749}" />
      </MissingDependency>
      <MissingDependency>
        <Required key="7" type="26" schemaName="Users Being Followed" displayName="Users Being Followed" parentSchemaName="systemuser" parentDisplayName="User" solution="ActivityFeedsCore (8.2.0.0)" id="{0dda4fb7-84bc-e011-b85e-00155d8a2749}" />
        <Dependent key="7" type="26" schemaName="Users Being Followed" displayName="Users Being Followed" parentSchemaName="systemuser" parentDisplayName="User" id="{0dda4fb7-84bc-e011-b85e-00155d8a2749}" />
      </MissingDependency>
      <MissingDependency>
        <Required key="8" type="26" schemaName="Users I Follow" displayName="Users I Follow" parentSchemaName="systemuser" parentDisplayName="User" solution="ActivityFeedsCore (8.2.0.0)" id="{b2529a68-5f90-e011-95ae-00155d9cfa02}" />
        <Dependent key="8" type="26" schemaName="Users I Follow" displayName="Users I Follow" parentSchemaName="systemuser" parentDisplayName="User" id="{b2529a68-5f90-e011-95ae-00155d9cfa02}" />
      </MissingDependency>
      <MissingDependency>
        <Required key="9" type="61" schemaName="msdyn_/ActivityFeeds.Form.js" displayName="msdyn_/ActivityFeeds.Form.js" solution="ActivityFeedsCore (8.2.0.0)" />
        <Dependent key="10" type="60" displayName="Information" parentDisplayName="User" id="{c0d7d7dd-afd0-4675-85fe-1cc5a48be6df}" />
      </MissingDependency>
      <MissingDependency>
        <Required key="11" type="61" schemaName="msdyn_/RecordWall.htm" displayName="msdyn_/RecordWall.htm" solution="ActivityFeedsCore (8.2.0.0)" />
        <Dependent key="10" type="60" displayName="Information" parentDisplayName="User" id="{c0d7d7dd-afd0-4675-85fe-1cc5a48be6df}" />
      </MissingDependency>
      <MissingDependency>
        <Required key="11" type="61" schemaName="msdyn_/RecordWall.htm" displayName="msdyn_/RecordWall.htm" solution="ActivityFeedsCore (8.2.0.0)" />
        <Dependent key="12" type="60" displayName="Information" parentDisplayName="Contact" id="{894cc46a-b0cb-4ab0-8bf6-200544e46a2d}" />
      </MissingDependency>
      <MissingDependency>
        <Required key="9" type="61" schemaName="msdyn_/ActivityFeeds.Form.js" displayName="msdyn_/ActivityFeeds.Form.js" solution="ActivityFeedsCore (8.2.0.0)" />
        <Dependent key="12" type="60" displayName="Information" parentDisplayName="Contact" id="{894cc46a-b0cb-4ab0-8bf6-200544e46a2d}" />
      </MissingDependency>
      <MissingDependency>
        <Required key="9" type="61" schemaName="msdyn_/ActivityFeeds.Form.js" displayName="msdyn_/ActivityFeeds.Form.js" solution="ActivityFeedsCore (8.2.0.0)" />
        <Dependent key="13" type="60" displayName="Information" parentDisplayName="Account" id="{b053a39a-041a-4356-acef-ddf00182762b}" />
      </MissingDependency>
      <MissingDependency>
        <Required key="11" type="61" schemaName="msdyn_/RecordWall.htm" displayName="msdyn_/RecordWall.htm" solution="ActivityFeedsCore (8.2.0.0)" />
        <Dependent key="13" type="60" displayName="Information" parentDisplayName="Account" id="{b053a39a-041a-4356-acef-ddf00182762b}" />
      </MissingDependency>
    </MissingDependencies>
  </SolutionManifest>
</ImportExportXml>